Workbook

Sheet Overview
A1: Intelligent Disaster Response & Emergency Coordination Platform
A2: Final-year B.Tech major project | Implementation plan workbook | Yellow cells are inputs you can edit
A4: 1. PROJECT INFORMATION
A5: Project title | B5: AI-Driven, Event-Driven Disaster Response & Emergency Coordination Platform
A6: Core idea | B6: Collects citizen/team reports, classifies and prioritizes them with NLP/ML, detects duplicates, geocodes locations, and recommends resource allocation on a live command-center dashboard.
A7: Approach | B7: MVP-first, phased delivery (Agile, 1-week iterations). Each phase ends in a demo so a working project always exists.
A9: 2. PLANNING INPUTS (edit the yellow cells)
A10: Project start date | B10: 46314 | C10: Assumption: Monday 19-Oct-2026. Change to your real start; all dates update.
A11: Team size (people) | B11: 4 | C11: Assumption: 4 members. Edit to match your team.
A12: Hours per person per week | B12: 15 | C12: Assumption: 15 h/week alongside classes. Edit to match reality.
A14: 3. LIVE PROJECT DASHBOARD (all formulas)
A15: Total tasks | B15: =COUNTA('Task Plan'!A5:A200) -> 75 | C15: Rows in Task Plan
A16: Tasks completed | B16: =COUNTIF('Task Plan'!O5:O200,"Done") -> 0 | C16: Status = Done
A17: Tasks blocked | B17: =COUNTIF('Task Plan'!O5:O200,"Blocked") -> 0 | C17: Needs attention
A18: Overall progress (effort-weighted) | B18: =IFERROR(SUMPRODUCT('Task Plan'!I5:I200,'Task Plan'!P5:P200)/SUM('Task Plan'!I5:I200),0) -> 0 | C18: Hours x % done / total hours
A19: Planned end date | B19: =MAX('Task Plan'!M5:M200) -> 46426 | C19: Latest task end date
A20: Planned duration (weeks) | B20: =ROUND((B19-Overview!$B$10+1)/7,1) -> 16.1 | C20: From start date to planned end
A21: Days to planned end | B21: =MAX(0,B19-TODAY()) -> 118 | C21: Recalculates daily
A22: Total estimated effort (hours) | B22: =SUM('Task Plan'!I5:I200) -> 842 | C22: Sum of task estimates
A23: Team capacity (hours) | B23: =B11*B12*B20 -> 966 | C23: Team size x hours/week x weeks
A24: Capacity utilization | B24: =IFERROR(B22/B23,0) -> 0.87163561 | C24: Above 100% = over-committed
A25: Must-have effort (hours) | B25: =SUMIF('Task Plan'!H5:H200,"Must",'Task Plan'!I5:I200) -> 644 | C25: Minimum viable scope
A26: Must-have utilization | B26: =IFERROR(B25/B23,0) -> 0.66666667 | C26: If total is over 100%, cut 'Could' then 'Should' tasks
A27: Scope health | B27: =IF(B24<=1,"On track: full scope fits",IF(B26<=1,"Tight: drop Could/Should items","At risk: reduce scope or add hours")) -> On track: full scope fits | E27: Auto assessment
A29: 4. HOW TO USE THIS WORKBOOK
A30: Roadmap | B30: Seven phases with goals, deliverables, exit criteria; dates and progress roll up from Task Plan.
A31: Task Plan | B31: Master backlog with MoSCoW priority, effort, dependencies and an auto-drawn weekly Gantt. Update Status, % Done and Assignee.
A32: Tech Stack | B32: Free / open-source component choices with rationale and alternatives (INR 0 budget).
A33: Architecture | B33: Service responsibilities and key design decisions to defend in viva.
A34: Database | B34: Table and column design including PostGIS and pgvector columns, plus indexes.
A35: API Design | B35: REST/WebSocket endpoints with role access, per phase.
A36: AI-ML Plan | B36: Models, datasets, metrics and targets; also the LLM usage policy.
A37: Priority Model | B37: Editable weights and a live calculator for the incident priority score.
A38: Testing | B38: Test strategy with tools and pass criteria.
A39: Risks | B39: Risk register with scoring and mitigation.
A40: Viva Prep | B40: Likely examiner questions with answer outlines.
A42: Colour legend | B42: Blue text / yellow fill = editable input. Black = formula or fixed content. Estimates are planning assumptions for a small student team, not measured values.

Sheet Roadmap
A1: Roadmap & Phase Summary
A2: Dates, hours and progress are formulas driven by the Task Plan sheet
A4: Phase | B4: Phase Name | C4: Goal | D4: Key Deliverables | E4: Exit Criteria / Milestone | F4: Start | G4: End | H4: Weeks | I4: Tasks | J4: Est. Hours | K4: Progress | L4: Status
A5: P0 | B5: Planning & Approval | C5: Get topic approved, freeze scope, finish SRS + HLD, set up tooling and data plan. | D5: Approved proposal, SRS, HLD diagrams, ADRs, repo + CI skeleton, dataset plan | E5: Guide signs off scope; Docker skeleton boots; SRS v1 reviewed | F5: =_xlfn.MINIFS('Task Plan'!$L$5:$L$200,'Task Plan'!$B$5:$B$200,A5) -> 46314 | G5: =_xlfn.MAXIFS('Task Plan'!$M$5:$M$200,'Task Plan'!$B$5:$B$200,A5) -> 46327 | H5: =ROUND((G5-F5+1)/7,1) -> 2 | I5: =COUNTIF('Task Plan'!$B$5:$B$200,A5) -> 10 | J5: =SUMIF('Task Plan'!$B$5:$B$200,A5,'Task Plan'!$I$5:$I$200) -> 92 | K5: =IFERROR(SUMPRODUCT(('Task Plan'!$B$5:$B$200=A5)*'Task Plan'!$I$5:$I$200*'Task Plan'!$P$5:$P$200)/J5,0) -> 0 | L5: =IF(K5>=1,"Complete",IF(K5>0,"In Progress","Not Started")) -> Not Started
A6: P1 | B6: MVP Core Platform | C6: Working end-to-end product without AI: auth, RBAC, reporting, resources, dashboard, map. | D6: Auth + RBAC, Incident API, Citizen portal, Authority dashboard v1, Resource CRUD, CI tests | E6: Citizen files report -> Authority sees it on map -> status updated (demo M1) | F6: =_xlfn.MINIFS('Task Plan'!$L$5:$L$200,'Task Plan'!$B$5:$B$200,A6) -> 46328 | G6: =_xlfn.MAXIFS('Task Plan'!$M$5:$M$200,'Task Plan'!$B$5:$B$200,A6) -> 46349 | H6: =ROUND((G6-F6+1)/7,1) -> 3.1 | I6: =COUNTIF('Task Plan'!$B$5:$B$200,A6) -> 14 | J6: =SUMIF('Task Plan'!$B$5:$B$200,A6,'Task Plan'!$I$5:$I$200) -> 154 | K6: =IFERROR(SUMPRODUCT(('Task Plan'!$B$5:$B$200=A6)*'Task Plan'!$I$5:$I$200*'Task Plan'!$P$5:$P$200)/J6,0) -> 0 | L6: =IF(K6>=1,"Complete",IF(K6>0,"In Progress","Not Started")) -> Not Started
A7: P2 | B7: AI Layer (NLP + LLM) | C7: Classification, severity, entity extraction, queue-based AI worker, LLM summaries. | D7: Labeled dataset, category + severity models, extractor, AI worker, model evaluation report | E7: Reports auto-classified asynchronously with confidence; F1 report ready (demo M2) | F7: =_xlfn.MINIFS('Task Plan'!$L$5:$L$200,'Task Plan'!$B$5:$B$200,A7) -> 46349 | G7: =_xlfn.MAXIFS('Task Plan'!$M$5:$M$200,'Task Plan'!$B$5:$B$200,A7) -> 46370 | H7: =ROUND((G7-F7+1)/7,1) -> 3.1 | I7: =COUNTIF('Task Plan'!$B$5:$B$200,A7) -> 12 | J7: =SUMIF('Task Plan'!$B$5:$B$200,A7,'Task Plan'!$I$5:$I$200) -> 148 | K7: =IFERROR(SUMPRODUCT(('Task Plan'!$B$5:$B$200=A7)*'Task Plan'!$I$5:$I$200*'Task Plan'!$P$5:$P$200)/J7,0) -> 0 | L7: =IF(K7>=1,"Complete",IF(K7>0,"In Progress","Not Started")) -> Not Started
A8: P3 | B8: Intelligent Engine | C8: Duplicate detection, geocoding, priority scoring, resource allocation, assignment workflow. | D8: Embedding + dedup service, geocoder, priority engine, allocation optimizer, rescue-team view | E8: Duplicates merged; ranked feed; allocation recommendations approved & executed (demo M3) | F8: =_xlfn.MINIFS('Task Plan'!$L$5:$L$200,'Task Plan'!$B$5:$B$200,A8) -> 46370 | G8: =_xlfn.MAXIFS('Task Plan'!$M$5:$M$200,'Task Plan'!$B$5:$B$200,A8) -> 46394 | H8: =ROUND((G8-F8+1)/7,1) -> 3.6 | I8: =COUNTIF('Task Plan'!$B$5:$B$200,A8) -> 12 | J8: =SUMIF('Task Plan'!$B$5:$B$200,A8,'Task Plan'!$I$5:$I$200) -> 142 | K8: =IFERROR(SUMPRODUCT(('Task Plan'!$B$5:$B$200=A8)*'Task Plan'!$I$5:$I$200*'Task Plan'!$P$5:$P$200)/J8,0) -> 0 | L8: =IF(K8>=1,"Complete",IF(K8>0,"In Progress","Not Started")) -> Not Started
A9: P4 | B9: Advanced Features | C9: Real-time command center, image analysis, NL queries, situation summaries, analytics. | D9: WebSocket updates, command center, CV model, NL query, analytics, broadcast alerts | E9: Live dashboard updates; image signal fused into severity; feature freeze (M4) | F9: =_xlfn.MINIFS('Task Plan'!$L$5:$L$200,'Task Plan'!$B$5:$B$200,A9) -> 46391 | G9: =_xlfn.MAXIFS('Task Plan'!$M$5:$M$200,'Task Plan'!$B$5:$B$200,A9) -> 46405 | H9: =ROUND((G9-F9+1)/7,1) -> 2.1 | I9: =COUNTIF('Task Plan'!$B$5:$B$200,A9) -> 9 | J9: =SUMIF('Task Plan'!$B$5:$B$200,A9,'Task Plan'!$I$5:$I$200) -> 106 | K9: =IFERROR(SUMPRODUCT(('Task Plan'!$B$5:$B$200=A9)*'Task Plan'!$I$5:$I$200*'Task Plan'!$P$5:$P$200)/J9,0) -> 0 | L9: =IF(K9>=1,"Complete",IF(K9>0,"In Progress","Not Started")) -> Not Started
A10: P5 | B10: Production Hardening | C10: Containerize, secure, monitor, load-test, tune and deploy. | D10: Docker Compose stack, Nginx, Redis limits, Prometheus/Grafana, load + security test reports, CI/CD | E10: Load-test report with RPS/P95; zero critical security findings; one-command deploy | F10: =_xlfn.MINIFS('Task Plan'!$L$5:$L$200,'Task Plan'!$B$5:$B$200,A10) -> 46405 | G10: =_xlfn.MAXIFS('Task Plan'!$M$5:$M$200,'Task Plan'!$B$5:$B$200,A10) -> 46418 | H10: =ROUND((G10-F10+1)/7,1) -> 2 | I10: =COUNTIF('Task Plan'!$B$5:$B$200,A10) -> 10 | J10: =SUMIF('Task Plan'!$B$5:$B$200,A10,'Task Plan'!$I$5:$I$200) -> 102 | K10: =IFERROR(SUMPRODUCT(('Task Plan'!$B$5:$B$200=A10)*'Task Plan'!$I$5:$I$200*'Task Plan'!$P$5:$P$200)/J10,0) -> 0 | L10: =IF(K10>=1,"Complete",IF(K10>0,"In Progress","Not Started")) -> Not Started
A11: P6 | B11: Documentation & Viva | C11: Final report, ML report, slides, scripted demo, mock vivas, buffer. | D11: Final report, ML report, PPT, demo script + backup video, Q&A sheet | E11: Two mock vivas done; demo runs offline from seeded data | F11: =_xlfn.MINIFS('Task Plan'!$L$5:$L$200,'Task Plan'!$B$5:$B$200,A11) -> 46405 | G11: =_xlfn.MAXIFS('Task Plan'!$M$5:$M$200,'Task Plan'!$B$5:$B$200,A11) -> 46426 | H11: =ROUND((G11-F11+1)/7,1) -> 3.1 | I11: =COUNTIF('Task Plan'!$B$5:$B$200,A11) -> 8 | J11: =SUMIF('Task Plan'!$B$5:$B$200,A11,'Task Plan'!$I$5:$I$200) -> 98 | K11: =IFERROR(SUMPRODUCT(('Task Plan'!$B$5:$B$200=A11)*'Task Plan'!$I$5:$I$200*'Task Plan'!$P$5:$P$200)/J11,0) -> 0 | L11: =IF(K11>=1,"Complete",IF(K11>0,"In Progress","Not Started")) -> Not Started
B12: TOTAL | F12: =MIN(F5:F11) -> 46314 | G12: =MAX(G5:G11) -> 46426 | H12: =ROUND((G12-F12+1)/7,1) -> 16.1 | I12: =SUM(I5:I11) -> 75 | J12: =SUM(J5:J11) -> 842 | K12: =IFERROR(SUMPRODUCT(J5:J11,K5:K11)/J12,0) -> 0
A14: Phases overlap by design (e.g. documentation starts while hardening). Version-1 principle: if time runs out after Phase 3, you still have a complete, demonstrable intelligent system.

Sheet Task Plan
A1: Master Task Plan & Weekly Gantt
A2: Edit Assignee, Priority, Hours, Start Week, Weeks, Status, % Done (blue). Dates and Gantt update automatically. Priority: Must / Should / Could (MoSCoW)
H3: Total hrs | I3: =SUM(I5:I200) -> 842 | R3: W1 | S3: W2 | T3: W3 | U3: W4 | V3: W5 | W3: W6 | X3: W7 | Y3: W8 | Z3: W9 | AA3: W10 | AB3: W11 | AC3: W12 | AD3: W13 | AE3: W14 | AF3: W15 | AG3: W16
A4: ID | B4: Phase | C4: Phase Name | D4: Task | E4: Description | F4: Role | G4: Assignee | H4: Priority | I4: Est. Hours | J4: Start Week | K4: Weeks | L4: Start Date | M4: End Date | N4: Depends On | O4: Status | P4: % Done | Q4: Deliverable | R4: =Overview!$B$10+7*0 -> 46314 | S4: =Overview!$B$10+7*1 -> 46321 | T4: =Overview!$B$10+7*2 -> 46328 | U4: =Overview!$B$10+7*3 -> 46335 | V4: =Overview!$B$10+7*4 -> 46342 | W4: =Overview!$B$10+7*5 -> 46349 | X4: =Overview!$B$10+7*6 -> 46356 | Y4: =Overview!$B$10+7*7 -> 46363 | Z4: =Overview!$B$10+7*8 -> 46370 | AA4: =Overview!$B$10+7*9 -> 46377 | AB4: =Overview!$B$10+7*10 -> 46384 | AC4: =Overview!$B$10+7*11 -> 46391 | AD4: =Overview!$B$10+7*12 -> 46398 | AE4: =Overview!$B$10+7*13 -> 46405 | AF4: =Overview!$B$10+7*14 -> 46412 | AG4: =Overview!$B$10+7*15 -> 46419
A5: T-001 | B5: P0 | C5: =IFERROR(INDEX(Roadmap!$B$5:$B$11,MATCH(B5,Roadmap!$A$5:$A$11,0)),"") -> Planning & Approval | D5: Finalize problem statement & scope | E5: Write 1-page problem statement, in-scope / out-of-scope list, success metrics. | F5: Team | H5: Must | I5: 6 | J5: 1 | K5: 0.5 | L5: =Overview!$B$10+ROUND((J5-1)*7,0) -> 46314 | M5: =L5+MAX(ROUND(K5*7,0),1)-1 -> 46317 | O5: Not Started | P5: 0 | Q5: Scope document
A6: T-002 | B6: P0 | C6: =IFERROR(INDEX(Roadmap!$B$5:$B$11,MATCH(B6,Roadmap!$A$5:$A$11,0)),"") -> Planning & Approval | D6: Prepare topic-approval proposal | E6: Abstract, architecture one-pager, novelty points and phase plan for the guide. | F6: Team | H6: Must | I6: 6 | J6: 1 | K6: 1 | L6: =Overview!$B$10+ROUND((J6-1)*7,0) -> 46314 | M6: =L6+MAX(ROUND(K6*7,0),1)-1 -> 46320 | N6: T-001 | O6: Not Started | P6: 0 | Q6: Proposal PDF
A7: T-003 | B7: P0 | C7: =IFERROR(INDEX(Roadmap!$B$5:$B$11,MATCH(B7,Roadmap!$A$5:$A$11,0)),"") -> Planning & Approval | D7: Literature & existing-system survey | E7: Study crisis informatics papers and tools such as Ushahidi and Sahana Eden; list gaps. | F7: Team | H7: Should | I7: 12 | J7: 1 | K7: 2 | L7: =Overview!$B$10+ROUND((J7-1)*7,0) -> 46314 | M7: =L7+MAX(ROUND(K7*7,0),1)-1 -> 46327 | O7: Not Started | P7: 0 | Q7: Survey notes
A8: T-004 | B8: P0 | C8: =IFERROR(INDEX(Roadmap!$B$5:$B$11,MATCH(B8,Roadmap!$A$5:$A$11,0)),"") -> Planning & Approval | D8: Requirements & SRS | E8: Functional + non-functional requirements, use cases, user stories with acceptance criteria. | F8: Team | H8: Must | I8: 16 | J8: 1 | K8: 2 | L8: =Overview!$B$10+ROUND((J8-1)*7,0) -> 46314 | M8: =L8+MAX(ROUND(K8*7,0),1)-1 -> 46327 | N8: T-001 | O8: Not Started | P8: 0 | Q8: SRS v1
A9: T-005 | B9: P0 | C9: =IFERROR(INDEX(Roadmap!$B$5:$B$11,MATCH(B9,Roadmap!$A$5:$A$11,0)),"") -> Planning & Approval | D9: Roles, personas & RBAC matrix | E9: Define Citizen, Authority, Rescue Team, Admin permissions per endpoint/screen. | F9: Backend | H9: Must | I9: 6 | J9: 2 | K9: 0.5 | L9: =Overview!$B$10+ROUND((J9-1)*7,0) -> 46321 | M9: =L9+MAX(ROUND(K9*7,0),1)-1 -> 46324 | N9: T-004 | O9: Not Started | P9: 0 | Q9: RBAC matrix
A10: T-006 | B10: P0 | C10: =IFERROR(INDEX(Roadmap!$B$5:$B$11,MATCH(B10,Roadmap!$A$5:$A$11,0)),"") -> Planning & Approval | D10: High-Level Design (HLD) | E10: Context diagram, component diagram, data-flow, deployment diagram, sequence diagrams. | F10: Lead | H10: Must | I10: 16 | J10: 2 | K10: 1 | L10: =Overview!$B$10+ROUND((J10-1)*7,0) -> 46321 | M10: =L10+MAX(ROUND(K10*7,0),1)-1 -> 46327 | N10: T-004 | O10: Not Started | P10: 0 | Q10: HLD document
A11: T-007 | B11: P0 | C11: =IFERROR(INDEX(Roadmap!$B$5:$B$11,MATCH(B11,Roadmap!$A$5:$A$11,0)),"") -> Planning & Approval | D11: Tech-stack finalization & ADRs | E11: Record each major choice (FastAPI, RabbitMQ, pgvector...) as an Architecture Decision Record. | F11: Lead | H11: Should | I11: 6 | J11: 2 | K11: 1 | L11: =Overview!$B$10+ROUND((J11-1)*7,0) -> 46321 | M11: =L11+MAX(ROUND(K11*7,0),1)-1 -> 46327 | N11: T-006 | O11: Not Started | P11: 0 | Q11: ADR log
A12: T-008 | B12: P0 | C12: =IFERROR(INDEX(Roadmap!$B$5:$B$11,MATCH(B12,Roadmap!$A$5:$A$11,0)),"") -> Planning & Approval | D12: Repository & workflow setup | E12: Monorepo layout, branching strategy, PR template, pre-commit, GitHub Projects board. | F12: DevOps | H12: Must | I12: 6 | J12: 1 | K12: 1 | L12: =Overview!$B$10+ROUND((J12-1)*7,0) -> 46314 | M12: =L12+MAX(ROUND(K12*7,0),1)-1 -> 46320 | O12: Not Started | P12: 0 | Q12: Repo + board
A13: T-009 | B13: P0 | C13: =IFERROR(INDEX(Roadmap!$B$5:$B$11,MATCH(B13,Roadmap!$A$5:$A$11,0)),"") -> Planning & Approval | D13: Docker Compose skeleton | E13: Postgres+PostGIS+pgvector, Redis, RabbitMQ, MinIO containers with health checks. | F13: DevOps | H13: Must | I13: 8 | J13: 2 | K13: 1 | L13: =Overview!$B$10+ROUND((J13-1)*7,0) -> 46321 | M13: =L13+MAX(ROUND(K13*7,0),1)-1 -> 46327 | N13: T-008 | O13: Not Started | P13: 0 | Q13: docker-compose.yml
A14: T-010 | B14: P0 | C14: =IFERROR(INDEX(Roadmap!$B$5:$B$11,MATCH(B14,Roadmap!$A$5:$A$11,0)),"") -> Planning & Approval | D14: Dataset survey & collection plan | E14: Shortlist public crisis datasets (text + image); license check; synthetic-data plan. | F14: AI/ML | H14: Must | I14: 10 | J14: 1 | K14: 2 | L14: =Overview!$B$10+ROUND((J14-1)*7,0) -> 46314 | M14: =L14+MAX(ROUND(K14*7,0),1)-1 -> 46327 | O14: Not Started | P14: 0 | Q14: Dataset plan
A15: T-011 | B15: P1 | C15: =IFERROR(INDEX(Roadmap!$B$5:$B$11,MATCH(B15,Roadmap!$A$5:$A$11,0)),"") -> MVP Core Platform | D15: Low-Level Design | E15: ERD, OpenAPI contracts, module boundaries, error-handling and logging conventions. | F15: Backend | H15: Must | I15: 14 | J15: 3 | K15: 1 | L15: =Overview!$B$10+ROUND((J15-1)*7,0) -> 46328 | M15: =L15+MAX(ROUND(K15*7,0),1)-1 -> 46334 | N15: T-006 | O15: Not Started | P15: 0 | Q15: LLD + OpenAPI draft
A16: T-012 | B16: P1 | C16: =IFERROR(INDEX(Roadmap!$B$5:$B$11,MATCH(B16,Roadmap!$A$5:$A$11,0)),"") -> MVP Core Platform | D16: Database migrations (Alembic) | E16: Core tables, PostGIS geometry columns, indexes, seed data scripts. | F16: Backend | H16: Must | I16: 10 | J16: 3 | K16: 1 | L16: =Overview!$B$10+ROUND((J16-1)*7,0) -> 46328 | M16: =L16+MAX(ROUND(K16*7,0),1)-1 -> 46334 | N16: T-011 | O16: Not Started | P16: 0 | Q16: Migration scripts
A17: T-013 | B17: P1 | C17: =IFERROR(INDEX(Roadmap!$B$5:$B$11,MATCH(B17,Roadmap!$A$5:$A$11,0)),"") -> MVP Core Platform | D17: Authentication service | E17: Register/login, password hashing (argon2/bcrypt), JWT access + refresh tokens, logout. | F17: Backend | H17: Must | I17: 14 | J17: 3 | K17: 1.5 | L17: =Overview!$B$10+ROUND((J17-1)*7,0) -> 46328 | M17: =L17+MAX(ROUND(K17*7,0),1)-1 -> 46338 | N17: T-012 | O17: Not Started | P17: 0 | Q17: Auth module
A18: T-014 | B18: P1 | C18: =IFERROR(INDEX(Roadmap!$B$5:$B$11,MATCH(B18,Roadmap!$A$5:$A$11,0)),"") -> MVP Core Platform | D18: RBAC middleware | E18: Role-based dependency guards for all routes; deny-by-default; tests per role. | F18: Backend | H18: Must | I18: 8 | J18: 4 | K18: 1 | L18: =Overview!$B$10+ROUND((J18-1)*7,0) -> 46335 | M18: =L18+MAX(ROUND(K18*7,0),1)-1 -> 46341 | N18: T-013 | O18: Not Started | P18: 0 | Q18: RBAC guards
A19: T-015 | B19: P1 | C19: =IFERROR(INDEX(Roadmap!$B$5:$B$11,MATCH(B19,Roadmap!$A$5:$A$11,0)),"") -> MVP Core Platform | D19: Incident reporting API | E19: Create / list / get / update-status endpoints; pagination, filtering, validation. | F19: Backend | H19: Must | I19: 14 | J19: 4 | K19: 1.5 | L19: =Overview!$B$10+ROUND((J19-1)*7,0) -> 46335 | M19: =L19+MAX(ROUND(K19*7,0),1)-1 -> 46345 | N19: T-012 | O19: Not Started | P19: 0 | Q19: Incident API
A20: T-016 | B20: P1 | C20: =IFERROR(INDEX(Roadmap!$B$5:$B$11,MATCH(B20,Roadmap!$A$5:$A$11,0)),"") -> MVP Core Platform | D20: Secure media upload | E20: MIME + size validation, random filenames, MinIO storage, signed URLs. | F20: Backend | H20: Should | I20: 10 | J20: 4 | K20: 1 | L20: =Overview!$B$10+ROUND((J20-1)*7,0) -> 46335 | M20: =L20+MAX(ROUND(K20*7,0),1)-1 -> 46341 | N20: T-009 | O20: Not Started | P20: 0 | Q20: Upload module
A21: T-017 | B21: P1 | C21: =IFERROR(INDEX(Roadmap!$B$5:$B$11,MATCH(B21,Roadmap!$A$5:$A$11,0)),"") -> MVP Core Platform | D21: Frontend scaffold | E21: React + Vite + TypeScript, routing, auth flow, layout, UI kit. | F21: Frontend | H21: Must | I21: 12 | J21: 3 | K21: 1.5 | L21: =Overview!$B$10+ROUND((J21-1)*7,0) -> 46328 | M21: =L21+MAX(ROUND(K21*7,0),1)-1 -> 46338 | N21: T-011 | O21: Not Started | P21: 0 | Q21: Frontend skeleton
A22: T-018 | B22: P1 | C22: =IFERROR(INDEX(Roadmap!$B$5:$B$11,MATCH(B22,Roadmap!$A$5:$A$11,0)),"") -> MVP Core Platform | D22: Citizen portal | E22: Report form with browser geolocation, image upload, report tracking page. | F22: Frontend | H22: Must | I22: 16 | J22: 4 | K22: 2 | L22: =Overview!$B$10+ROUND((J22-1)*7,0) -> 46335 | M22: =L22+MAX(ROUND(K22*7,0),1)-1 -> 46348 | N22: T-017 | O22: Not Started | P22: 0 | Q22: Citizen UI
A23: T-019 | B23: P1 | C23: =IFERROR(INDEX(Roadmap!$B$5:$B$11,MATCH(B23,Roadmap!$A$5:$A$11,0)),"") -> MVP Core Platform | D23: Authority dashboard v1 | E23: Incident table, filters, detail drawer, verify / status-change actions. | F23: Frontend | H23: Must | I23: 14 | J23: 4 | K23: 2 | L23: =Overview!$B$10+ROUND((J23-1)*7,0) -> 46335 | M23: =L23+MAX(ROUND(K23*7,0),1)-1 -> 46348 | N23: T-017 | O23: Not Started | P23: 0 | Q23: Authority UI v1
A24: T-020 | B24: P1 | C24: =IFERROR(INDEX(Roadmap!$B$5:$B$11,MATCH(B24,Roadmap!$A$5:$A$11,0)),"") -> MVP Core Platform | D24: Map view v1 | E24: Leaflet + OpenStreetMap markers coloured by severity; click-through to incident. | F24: Frontend | H24: Must | I24: 10 | J24: 5 | K24: 1 | L24: =Overview!$B$10+ROUND((J24-1)*7,0) -> 46342 | M24: =L24+MAX(ROUND(K24*7,0),1)-1 -> 46348 | N24: T-019 | O24: Not Started | P24: 0 | Q24: Map component
A25: T-021 | B25: P1 | C25: =IFERROR(INDEX(Roadmap!$B$5:$B$11,MATCH(B25,Roadmap!$A$5:$A$11,0)),"") -> MVP Core Platform | D25: Resource & rescue-team management | E25: CRUD for ambulances, boats, teams, kits; availability status; location. | F25: Full-stack | H25: Must | I25: 12 | J25: 5 | K25: 1 | L25: =Overview!$B$10+ROUND((J25-1)*7,0) -> 46342 | M25: =L25+MAX(ROUND(K25*7,0),1)-1 -> 46348 | N25: T-014 | O25: Not Started | P25: 0 | Q25: Resource module
A26: T-022 | B26: P1 | C26: =IFERROR(INDEX(Roadmap!$B$5:$B$11,MATCH(B26,Roadmap!$A$5:$A$11,0)),"") -> MVP Core Platform | D26: Audit logging & input validation | E26: Append-only audit log for sensitive actions; strict Pydantic schemas. | F26: Backend | H26: Should | I26: 6 | J26: 4 | K26: 1 | L26: =Overview!$B$10+ROUND((J26-1)*7,0) -> 46335 | M26: =L26+MAX(ROUND(K26*7,0),1)-1 -> 46341 | N26: T-015 | O26: Not Started | P26: 0 | Q26: Audit log
... A77: T-073 | B77: P6 | C77: =IFERROR(INDEX(Roadmap!$B$5:$B$11,MATCH(B77,Roadmap!$A$5:$A$11,0)),"") -> Documentation & Viva | D77: Mock vivas | E77: Two mock vivas using the Viva Prep sheet; fix weak answers. | F77: Team | H77: Must | I77: 8 | J77: 16 | K77: 0.5 | L77: =Overview!$B$10+ROUND((J77-1)*7,0) -> 46419 | M77: =L77+MAX(ROUND(K77*7,0),1)-1 -> 46422 | N77: T-072 | O77: Not Started | P77: 0 | Q77: Q&A notes
A78: T-074 | B78: P6 | C78: =IFERROR(INDEX(Roadmap!$B$5:$B$11,MATCH(B78,Roadmap!$A$5:$A$11,0)),"") -> Documentation & Viva | D78: Buffer: bug-fixing & polish | E78: Reserved slack for overruns, UI polish, last-minute fixes. | F78: Team | H78: Must | I78: 16 | J78: 15.5 | K78: 1.5 | L78: =Overview!$B$10+ROUND((J78-1)*7,0) -> 46416 | M78: =L78+MAX(ROUND(K78*7,0),1)-1 -> 46426 | O78: Not Started | P78: 0 | Q78: Stable release
A79: T-075 | B79: P6 | C79: =IFERROR(INDEX(Roadmap!$B$5:$B$11,MATCH(B79,Roadmap!$A$5:$A$11,0)),"") -> Documentation & Viva | D79: Final submission & evaluation | E79: Submit report/code; present to evaluation committee. | F79: Team | H79: Must | I79: 4 | J79: 16.5 | K79: 0.5 | L79: =Overview!$B$10+ROUND((J79-1)*7,0) -> 46423 | M79: =L79+MAX(ROUND(K79*7,0),1)-1 -> 46426 | N79: T-074 | O79: Not Started | P79: 0 | Q79: Submitted
D81: Add new tasks in the next empty row below the last task; formulas on Overview/Roadmap read rows 5-200. Copy the formulas in Phase Name, Start Date and End Date from the row above.

Sheet Tech Stack
A1: Technology Stack (INR 0 budget)
A2: All components are free/open-source. Versions are suggestions; confirm licences and free-tier limits before relying on them.
A4: Layer | B4: Component | C4: Choice | D4: Why this choice | E4: Cost | F4: Alternative
A5: Backend API | B5: Web framework | C5: FastAPI (Python 3.11) | D5: Async, auto OpenAPI docs, same language as the ML code so models load in-process or in workers. | E5: Free | F5: NestJS (Node) + separate Python ML service
A6: Backend | B6: Background jobs | C6: Celery workers on RabbitMQ | D6: Mature task queue with retries, ack/nack, routing and dead-letter support. | E6: Free | F6: Dramatiq, RQ, plain pika consumers
A7: Backend | B7: ORM & migrations | C7: SQLAlchemy 2 + Alembic | D7: Typed models, versioned schema migrations. | E7: Free | F7: Prisma (Node), Django ORM
A8: Data | B8: Primary database | C8: PostgreSQL 16 + PostGIS + pgvector | D8: One database for relational, geospatial and vector data; fewer moving parts to run and explain. | E8: Free | F8: Qdrant for vectors, MongoDB for raw reports
A9: Data | B9: Cache / rate limit / live ranking | C9: Redis 7 | D9: Hot-read cache, token-bucket rate limits, sorted-set priority feed, pub/sub for realtime fan-out. | E9: Free | F9: Memcached (no sorted sets)
A10: Data | B10: Message broker | C10: RabbitMQ 3 | D10: Durable queues, acknowledgements, DLQ; easy to demo in management UI. | E10: Free | F10: Kafka (heavier; justify only if streaming scale is a goal)
A11: Data | B11: Object storage | C11: MinIO (S3-compatible) | D11: Stores incident images and documents; signed URLs. | E11: Free | F11: Local volume for dev
A12: Frontend | B12: Web app | C12: React + Vite + TypeScript | D12: Fast dev loop, strong typing, large ecosystem. | E12: Free | F12: Next.js
A13: Frontend | B13: Maps | C13: Leaflet + OpenStreetMap | D13: No paid map API. Respect OSM tile usage policy or use a self-hosted/permitted tile source for heavier use. | E13: Free | F13: MapLibre GL
A14: Frontend | B14: UI & charts | C14: Tailwind CSS + Recharts | D14: Rapid professional UI and dashboard charts. | E14: Free | F14: MUI, Chart.js
A15: Realtime | B15: Live updates | C15: WebSocket (FastAPI) / SSE with Redis pub/sub | D15: Push new incidents and status changes to the command center. | E15: Free | F15: Socket.IO
... A30: Hosting | B30: Where it runs | C30: Local machine / college server; free-tier VM if available | D30: Zero-budget deployment; keep a recorded demo as fallback because free tiers can change. | E30: Free | F30: Render/Railway free tiers (limits apply)

Sheet Architecture
A1: Architecture: Services & Design Decisions
A2: Section A: services. Section B (below): decisions to defend in viva.
A4: Service / Module | B4: Responsibility | C4: Technology | D4: Talks To | E4: Data Store | F4: Scales By | G4: Phase
A5: API Gateway / Nginx | B5: TLS termination, routing, rate limiting at edge, static frontend. | C5: Nginx | D5: API service, Frontend | E5: - | F5: Replicas behind load balancer | G5: P5
A6: API Service (modular monolith) | B6: Auth, RBAC, incidents, resources, assignments, analytics as separate internal modules with clean boundaries. | C6: FastAPI | D6: Postgres, Redis, RabbitMQ, MinIO | E6: PostgreSQL | F6: Stateless replicas | G6: P1
A7: Auth module | B7: Registration, login, JWT access/refresh, role checks, audit entries. | C7: FastAPI module | D7: Postgres, Redis | E7: PostgreSQL | F7: Stateless | G7: P1
A8: Incident module | B8: Accept reports, return immediately (HTTP 202), publish event to queue. | C8: FastAPI module | D8: RabbitMQ, Postgres | E8: PostgreSQL | F8: Stateless; queue absorbs bursts | G8: P1
A9: NLP AI Worker | B9: Classify category, severity, extract entities; write predictions with confidence. | C9: Celery + scikit-learn/Transformers | D9: RabbitMQ, Postgres | E9: PostgreSQL | F9: More worker processes | G9: P2
A10: Embedding & Dedup Worker | B10: Create embeddings, search pgvector, merge duplicates by similarity + geo + time. | C10: Celery + sentence-transformers | D10: Postgres(pgvector), Redis | E10: PostgreSQL | F10: Worker replicas | G10: P3
A11: Geo Worker | B11: Geocode location phrases, cache results, compute zones/clusters. | C11: Celery + Nominatim client | D11: Redis, Postgres(PostGIS) | E11: PostgreSQL + Redis | F11: Worker replicas (respect rate limit) | G11: P3
A12: Priority & Allocation Engine | B12: Compute priority score, maintain ranked feed, recommend resource assignments. | C12: Python + SciPy | D12: Redis, Postgres | E12: Redis + PostgreSQL | F12: Stateless compute | G12: P3
A13: CV Worker | B13: Flood/damage image classification; returns signals for fusion. | C13: Celery + PyTorch | D13: MinIO, RabbitMQ, Postgres | E13: MinIO + PostgreSQL | F13: GPU/CPU workers | G13: P4
A14: LLM Service | B14: Summaries and NL-to-filter conversion using local model; output validated against schema. | C14: Ollama | D14: API service | E14: - | F14: Dedicated host/queue | G14: P2
A15: Realtime Gateway | B15: Push live events to dashboards. | C15: FastAPI WebSocket + Redis pub/sub | D15: Redis, Frontend | E15: Redis | F15: Sticky sessions or pub/sub fan-out | G15: P4
A16: Observability stack | B16: Collect metrics, dashboards, alerts. | C16: Prometheus + Grafana | D16: All services | E16: Prometheus TSDB | F16: - | G16: P5
A18: B. KEY DESIGN DECISIONS
A19: Decision | B19: Choice | C19: Rationale | D19: Trade-off / what to say if challenged
A20: Architecture style | B20: Modular monolith API + independent workers | C20: Microservice-ready boundaries without the operational burden of 10+ deployables for a student team. | D20: Less independent deploy per module; mitigated by queue-based workers and clean module interfaces.
A21: Synchronous vs async ingest | B21: Accept -> enqueue -> respond 202; process in workers | C21: Disaster traffic is bursty; the queue absorbs spikes and decouples slow AI work from user latency. | D21: Eventual consistency: classification appears seconds later; UI shows 'processing' state.
A22: Delivery guarantees | B22: At-least-once + idempotent consumers + DLQ | C22: Prevents lost reports; duplicates handled by idempotency keys. | D22: Requires idempotency design; exactly-once is not claimed.
A23: Single DB for relational + vector + geo | B23: PostgreSQL with PostGIS and pgvector | C23: Fewer systems to operate; transactions across entities and embeddings. | D23: Dedicated vector DB scales better at very large volume; not needed at project scale.
A24: Where to use LLM | B24: Only summaries and NL-to-filter; never as sole decision-maker | C24: Classification/priority use cheaper, testable models; LLM output is validated and advisory. | D24: LLM can hallucinate; guardrails, schema validation and human approval reduce risk.
A25: Human in the loop | B25: Authority approves allocations; can override AI labels | C25: Safety-critical domain; builds trust and creates feedback data. | D25: Slower than full automation; acceptable for emergency decisions.
A26: Priority scoring | B26: Transparent weighted formula (configurable) | C26: Explainable to examiners and authorities; weights can be tuned. | D26: Weights are judgment-based; show sensitivity analysis.
A27: Resource allocation | B27: Hungarian assignment on distance cost matrix | C27: Optimal under cost model; deterministic and testable. | D27: Ignores traffic and road closures unless routing added.
A28: Security | B28: JWT + deny-by-default RBAC + rate limits + audit log | C28: Protects role boundaries and prevents report flooding. | D28: Public reporting endpoint needs abuse controls (CAPTCHA/phone verify) as future work.
A29: Caching | B29: Redis for hot reads and ranked feed with explicit TTL/invalidation | C29: Reduces DB load on dashboards. | D29: Stale data risk; keep short TTLs and event-based invalidation.

Sheet Database
A1: Database Design (PostgreSQL + PostGIS + pgvector)
A2: Logical design for implementation; refine in LLD. Add indexes on foreign keys and common filters.
A4: Table | B4: Column | C4: Type | D4: Constraints / Index | E4: Notes
A5: users | B5: id | C5: UUID | D5: PK | E5: Unique user id
A6: users | B6: name | C6: VARCHAR(120) | D6: NOT NULL | E6: Full name
A7: users | B7: email | C7: VARCHAR(255) | D7: UNIQUE, NOT NULL | E7: Login id
A8: users | B8: phone | C8: VARCHAR(20) | D8: NULL | E8: For verification/alerts
A9: users | B9: password_hash | C9: VARCHAR(255) | D9: NOT NULL | E9: argon2/bcrypt hash only
A10: users | B10: role | C10: ENUM | D10: NOT NULL | E10: citizen | authority | rescue | admin
A11: users | B11: is_active | C11: BOOLEAN | D11: DEFAULT true | E11: Soft disable
A12: users | B12: created_at | C12: TIMESTAMPTZ | D12: DEFAULT now() | E12: Audit
A13: incidents | B13: id | C13: UUID | D13: PK | E13: Canonical incident
A14: incidents | B14: title | C14: VARCHAR(200) | D14: NOT NULL | E14: Short title
A15: incidents | B15: description | C15: TEXT | D15: NOT NULL | E15: Merged/primary description
... A63: audit_logs | B63: payload / created_at | C63: JSONB / TIMESTAMPTZ | D63: NOT NULL | E63: Change details
A65: Index plan: GiST on geography columns; HNSW/IVFFlat on embeddings; B-tree on (status, priority_score DESC), created_at, foreign keys; partial index on active incidents.

Sheet API Design
A1: API Design (REST + WebSocket)
A2: All routes versioned under /api/v1 in implementation. Deny-by-default RBAC; every list endpoint paginated.
A4: Method | B4: Endpoint | C4: Access (role) | D4: Purpose | E4: Phase
A5: POST | B5: /auth/register | C5: Public | D5: Create citizen account | E5: P1
A6: POST | B6: /auth/login | C6: Public | D6: Return access + refresh token | E6: P1
A7: POST | B7: /auth/refresh | C7: Authenticated | D7: Rotate access token | E7: P1
A8: POST | B8: /auth/logout | C8: Authenticated | D8: Revoke refresh token | E8: P1
A9: GET | B9: /users/me | C9: Authenticated | D9: Current profile | E9: P1
A10: GET/PATCH | B10: /admin/users | C10: Admin | D10: List/modify users and roles | E10: P1
A11: POST | B11: /incidents/reports | C11: Citizen+ | D11: Submit report (returns 202 + tracking id) | E11: P1
A12: GET | B12: /incidents/reports/{id} | C12: Owner, Authority | D12: Track processing state | E12: P1
A13: POST | B13: /media/upload-url | C13: Citizen+ | D13: Get signed upload URL; validate type/size | E13: P1
A14: GET | B14: /incidents | C14: Authority, Rescue | D14: Paginated list with filters (status, severity, zone, bbox) | E14: P1
A15: GET | B15: /incidents/{id} | C15: Authority, Rescue | D15: Detail with predictions, merged reports, score breakdown | E15: P1
... A30: GET | B30: /health, /metrics | C30: Internal | D30: Liveness/readiness and Prometheus metrics | E30: P5

Sheet AI-ML Plan
A1: AI / ML Plan
A2: Targets are planning goals to be validated experimentally; report actual numbers honestly in the ML report. Verify each dataset's licence and terms before use.
A4: ID | B4: Model | C4: Input | D4: Output | E4: Approach | F4: Dataset (free / public) | G4: Metrics | H4: Target | I4: Phase
A5: M1 | B5: Incident category classifier | C5: Report text | D5: medical / rescue / infrastructure / fire / flood / other | E5: TF-IDF+LogReg baseline; fine-tuned DistilBERT or MiniLM head | F5: HumAID, CrisisNLP (Twitter crisis data) + own synthetic data | G5: Macro-F1, per-class recall | H5: Macro-F1 >= 0.75 (planning target) | I5: P2
A6: M2 | B6: Severity classifier | C6: Text + engineered features (people count, medical flag, trapped flag) | D6: LOW / MEDIUM / HIGH / CRITICAL with probabilities | E6: Gradient boosting or LogReg on text+features; compare with transformer | F6: Labeled subset + synthetic; relabel with clear rubric | G6: Recall on CRITICAL (prioritize), weighted-F1 | H6: CRITICAL recall >= 0.85 (planning target) | I6: P2
A7: M3 | B7: Entity extractor | C7: Report text | D7: people_count, location phrase, resource needed | E7: Regex/rules + NER fallback; Hinglish number words | F7: Hand-annotated sample (200-300 reports) | G7: Exact-match / token F1 | H7: F1 >= 0.80 on annotated set | I7: P2
A8: M4 | B8: Duplicate detector | C8: Report embedding + coordinates + time | D8: same-incident decision | E8: Cosine similarity on multilingual MiniLM + geo-radius + time window | F8: Constructed duplicate pairs from clusters | G8: Precision / recall at chosen threshold | H8: Precision >= 0.90 at recall >= 0.70 | I8: P3
A9: M5 | B9: Image classifier | C9: Uploaded image | D9: flood / damage / normal + score | E9: Fine-tuned MobileNetV3 / EfficientNet-B0 | F9: FloodNet (post-flood imagery), CrisisMMD, other public flood sets | G9: Accuracy, F1, confusion matrix | H9: F1 >= 0.80 on held-out set | I9: P4
A10: M6 | B10: LLM summarizer & NL-to-filter | C10: Cluster of reports / authority query | D10: Short summary / JSON filter | E10: Local open LLM via Ollama with schema-constrained prompts | F10: n/a (zero-shot, prompt-engineered) | G10: Human rubric on 30 samples; schema-valid rate | H10: Schema-valid >= 95%; no unsupported facts in rubric review | I10: P2/P4
A12: LLM policy: LLM output is advisory, schema-validated, and never auto-triggers dispatch. Classification and priority use testable models. Always show confidence and allow human override.

Sheet Priority Model
A1: Incident Priority Score: Editable Model & Live Calculator
A2: Score (0-100) = sum of weight x normalized factor. Change blue weights; examples recalculate.
A4: A. WEIGHTS (must total 100) | D4: B. NORMALIZATION RULES
A5: Factor | B5: Weight | D5: Severity level | E5: Value | G5: People cap (n) | H5: 10
A6: Severity | B6: 35 | D6: LOW | E6: 0.25 | G6: Waiting cap (min) | H6: 60
A7: People affected | B7: 20 | D7: MEDIUM | E7: 0.5 | G7: People factor = MIN(people / cap, 1); Waiting factor = MIN(minutes / cap, 1); Life threat and Location risk are 0-1 inputs. Caps and weights are judgment-based assumptions: run a sensitivity check in the report.
A8: Life threat | B8: 20 | D8: HIGH | E8: 0.75
A9: Resource need | B9: 10 | D9: CRITICAL | E9: 1
A10: Location risk | B10: 5
A11: Waiting time | B11: 10
A12: Total (check = 100) | B12: =SUM(B6:B11) -> 100 | C12: =IF(B12=100,"OK","Weights must total 100") -> OK
A14: C. LIVE EXAMPLES (replace with your own scenarios)
A15: Incident | B15: Severity | C15: People | D15: Life threat (0-1) | E15: Resource need (0-1) | F15: Location risk (0-1) | G15: Waiting (min) | H15: Severity factor | I15: People factor | J15: Waiting factor | K15: Priority score | L15: Rank
A16: Road blocked by fallen trees | B16: MEDIUM | C16: 0 | D16: 0 | E16: 0.3 | F16: 0.4 | G16: 25 | H16: =INDEX($E$6:$E$9,MATCH(B16,$D$6:$D$9,0)) -> 0.5 | I16: =MIN(C16/$H$5,1) -> 0 | J16: =MIN(G16/$H$6,1) -> 0.41666667 | K16: =$B$6*H16+$B$7*I16+$B$8*D16+$B$9*E16+$B$10*F16+$B$11*J16 -> 26.666667 | L16: =RANK(K16,$K$16:$K$20) -> 4
A17: Family trapped in flooded house | B17: CRITICAL | C17: 6 | D17: 1 | E17: 0.9 | F17: 0.8 | G17: 15 | H17: =INDEX($E$6:$E$9,MATCH(B17,$D$6:$D$9,0)) -> 1 | I17: =MIN(C17/$H$5,1) -> 0.6 | J17: =MIN(G17/$H$6,1) -> 0.25 | K17: =$B$6*H17+$B$7*I17+$B$8*D17+$B$9*E17+$B$10*F17+$B$11*J17 -> 82.5 | L17: =RANK(K17,$K$16:$K$20) -> 2
A18: Hospital needs oxygen | B18: CRITICAL | C18: 20 | D18: 1 | E18: 1 | F18: 0.6 | G18: 10 | H18: =INDEX($E$6:$E$9,MATCH(B18,$D$6:$D$9,0)) -> 1 | I18: =MIN(C18/$H$5,1) -> 1 | J18: =MIN(G18/$H$6,1) -> 0.16666667 | K18: =$B$6*H18+$B$7*I18+$B$8*D18+$B$9*E18+$B$10*F18+$B$11*J18 -> 89.666667 | L18: =RANK(K18,$K$16:$K$20) -> 1
A19: Minor road damage | B19: LOW | C19: 0 | D19: 0 | E19: 0.1 | F19: 0.2 | G19: 40 | H19: =INDEX($E$6:$E$9,MATCH(B19,$D$6:$D$9,0)) -> 0.25 | I19: =MIN(C19/$H$5,1) -> 0 | J19: =MIN(G19/$H$6,1) -> 0.66666667 | K19: =$B$6*H19+$B$7*I19+$B$8*D19+$B$9*E19+$B$10*F19+$B$11*J19 -> 17.416667 | L19: =RANK(K19,$K$16:$K$20) -> 5
A20: Bridge collapse near market | B20: HIGH | C20: 3 | D20: 0.5 | E20: 0.7 | F20: 0.9 | G20: 30 | H20: =INDEX($E$6:$E$9,MATCH(B20,$D$6:$D$9,0)) -> 0.75 | I20: =MIN(C20/$H$5,1) -> 0.3 | J20: =MIN(G20/$H$6,1) -> 0.5 | K20: =$B$6*H20+$B$7*I20+$B$8*D20+$B$9*E20+$B$10*F20+$B$11*J20 -> 58.75 | L20: =RANK(K20,$K$16:$K$20) -> 3
A22: Explainability: store the six weighted contributions per incident so the dashboard can show why an incident ranks where it does.

Sheet Testing
A1: Test Strategy & Acceptance Criteria
A2: Numeric thresholds are planning targets; record measured results in the final report.
A4: ID | B4: Type | C4: What is tested | D4: Tool | E4: Pass criteria | F4: Phase
A5: TS-01 | B5: Unit | C5: Auth, RBAC guards, validators, priority formula, allocator | D5: pytest + coverage | E5: Coverage >= 80% on core modules; all role-denial cases pass | F5: P1-P3
A6: TS-02 | B6: API / integration | C6: Incident lifecycle with real Postgres/Redis/RabbitMQ containers | D6: pytest + testcontainers/compose | E6: All happy and error paths return correct codes | F6: P1-P3
A7: TS-03 | B7: Contract | C7: OpenAPI schema vs implementation | D7: schemathesis / Dredd | E7: No schema violations | F7: P2
A8: TS-04 | B8: ML evaluation | C8: Held-out test set; per-class metrics; calibration | D8: scikit-learn, MLflow | E8: Meets targets on AI-ML Plan sheet or documented gap analysis | F8: P2-P4
A9: TS-05 | B9: Pipeline correctness | C9: Simulated flood scenario with ground truth | D9: Simulation harness | E9: Dedup + priority + allocation match expected ordering | F9: P3
A10: TS-06 | B10: Idempotency | C10: Replay the same message / report twice | D10: pytest | E10: No duplicate incidents or assignments | F10: P2
A11: TS-07 | B11: End-to-end UI | C11: Citizen report -> authority sees -> assign -> rescue completes | D11: Playwright | E11: Full flow passes in CI | F11: P3-P5
A12: TS-08 | B12: Load | C12: ~1000 virtual users, ~10k reports burst | D12: Locust / k6 | E12: Report-submit P95 latency under 500 ms (ack only, planning target); zero lost messages | F12: P5
A13: TS-09 | B13: Queue stress | C13: Burst > worker capacity; observe backlog drain | D13: Locust + RabbitMQ UI | E13: Backlog drains; queue lag reported; no crashes | F13: P5
A14: TS-10 | B14: Resilience / chaos | C14: Kill worker, DB, broker, Redis mid-load | D14: docker kill / compose stop | E14: Auto-retry/recovery; no data loss; clear errors | F14: P5
A15: TS-11 | B15: Security (OWASP) | C15: Injection, broken access control, auth, file upload, rate-limit bypass | D15: OWASP ZAP, manual checklist, pip-audit / npm audit | E15: No critical or high findings open | F15: P5
... A19: TS-15 | B19: Disaster demo rehearsal | C19: Scripted scenario on seeded data, offline | D19: Manual | E19: Runs end-to-end twice without intervention | F19: P6

Sheet Risks
A1: Risk Register
A2: Score = Likelihood x Impact. Rating: 15+ High, 8-14 Medium, below 8 Low. Edit blue values.
A4: ID | B4: Risk | C4: Likelihood (1-5) | D4: Impact (1-5) | E4: Score | F4: Rating | G4: Mitigation | H4: Trigger / Early Warning
A5: R-01 | B5: Scope too large for timeline | C5: 4 | D5: 5 | E5: =C5*D5 -> 20 | F5: =IF(E5>=15,"High",IF(E5>=8,"Medium","Low")) -> High | G5: Phase gating with demos; MoSCoW; cut Could items first; Version-1 = Phases 0-3. | H5: Phase slips > 1 week
A6: R-02 | B6: Insufficient labeled data for ML | C6: 4 | D6: 4 | E6: =C6*D6 -> 16 | F6: =IF(E6>=15,"High",IF(E6>=8,"Medium","Low")) -> High | G6: Use public crisis datasets + synthetic generator; keep baselines simple; document limits. | H6: F1 far below target after baseline
A7: R-03 | B7: Hardware too weak for local LLM / CV | C7: 3 | D7: 3 | E7: =C7*D7 -> 9 | F7: =IF(E7>=15,"High",IF(E7>=8,"Medium","Low")) -> Medium | G7: Pick smaller model; use CPU-friendly models; Colab free tier for training; LLM features are 'Could'. | H7: Inference latency > 10 s
A8: R-04 | B8: Geocoding rate limits / inaccurate locations | C8: 4 | D8: 3 | E8: =C8*D8 -> 12 | F8: =IF(E8>=15,"High",IF(E8>=8,"Medium","Low")) -> Medium | G8: Cache in Redis, local gazetteer fallback, allow manual pin on map. | H8: Frequent 429 / null coordinates
A9: R-05 | B9: Duplicate threshold merges distinct incidents | C9: 3 | D9: 4 | E9: =C9*D9 -> 12 | F9: =IF(E9>=15,"High",IF(E9>=8,"Medium","Low")) -> Medium | G9: Combine similarity with geo + time; tune on labeled pairs; allow authority to unmerge. | H9: Authority corrections spike
A10: R-06 | B10: Team availability / exams | C10: 4 | D10: 4 | E10: =C10*D10 -> 16 | F10: =IF(E10>=15,"High",IF(E10>=8,"Medium","Low")) -> High | G10: Buffer weeks; role redundancy; weekly sync; avoid single-owner critical tasks. | H10: Missed two consecutive standups
A11: R-07 | B11: Integration complexity (many services) | C11: 3 | D11: 4 | E11: =C11*D11 -> 12 | F11: =IF(E11>=15,"High",IF(E11>=8,"Medium","Low")) -> Medium | G11: Docker Compose from week 2; contract-first APIs; CI integration tests. | H11: Works-on-my-machine reports
A12: R-08 | B12: Security flaws in public reporting endpoint | C12: 3 | D12: 4 | E12: =C12*D12 -> 12 | F12: =IF(E12>=15,"High",IF(E12>=8,"Medium","Low")) -> Medium | G12: Rate limits, validation, upload checks, audit logs, ZAP scan; document remaining abuse risks. | H12: Spam bursts in logs
A13: R-09 | B13: Free-tier hosting changes or unavailable | C13: 3 | D13: 3 | E13: =C13*D13 -> 9 | F13: =IF(E13>=15,"High",IF(E13>=8,"Medium","Low")) -> Medium | G13: Local deployment as primary; recorded demo video; compose-based portability. | H13: Provider quota/availability change
A14: R-10 | B14: LLM hallucination in summaries | C14: 3 | D14: 3 | E14: =C14*D14 -> 9 | F14: =IF(E14>=15,"High",IF(E14>=8,"Medium","Low")) -> Medium | G14: Ground prompts in DB facts; schema validation; label output as AI-generated; human review. | H14: Rubric review finds unsupported claims
A15: R-11 | B15: Dataset licence / terms issues | C15: 2 | D15: 3 | E15: =C15*D15 -> 6 | F15: =IF(E15>=15,"High",IF(E15>=8,"Medium","Low")) -> Low | G15: Check licences up front; cite sources; prefer permissive datasets and synthetic data. | H15: Unclear licence on a dataset
A16: R-12 | B16: Demo failure on evaluation day | C16: 2 | D16: 5 | E16: =C16*D16 -> 10 | F16: =IF(E16>=15,"High",IF(E16>=8,"Medium","Low")) -> Medium | G16: Seeded offline data, scripted flow, backup video, rehearsed twice, spare laptop. | H16: Any failure during rehearsal

Sheet Viva Prep
A1: Viva Preparation: Likely Questions
A2: Draft answer outlines. Rehearse in your own words with real numbers from your tests.
A4: Likely Question | B4: Answer Outline | C4: Tip
A5: Why event-driven / message queue instead of direct processing? | B5: Bursty disaster traffic; decouple fast ingest from slow AI; retries and DLQ; worker scaling; user gets 202 immediately. | C5: Mention at-least-once delivery and idempotency.
A6: Why not microservices for everything? | B6: Modular monolith + workers gives clean boundaries with lower ops cost for a small team; modules can be split later. | C6: Show module boundaries in HLD.
A7: How do you detect duplicate reports? | B7: Multilingual embeddings + cosine similarity + geo-radius + time window; threshold tuned on labeled pairs; authority can unmerge. | C7: Quote precision/recall from tuning report.
A8: How is priority computed? Why trust it? | B8: Transparent weighted score with per-factor breakdown; weights configurable; sensitivity analysis; human approval for dispatch. | C8: Open the Priority Model sheet logic.
A9: How is resource allocation optimal? | B9: Cost matrix (distance) solved with Hungarian algorithm; constraints on type and availability; deterministic and tested. | C9: State limitation: no live traffic.
A10: Where does the LLM fit, and what if it hallucinates? | B10: Only summaries and NL-to-filter; grounded in DB facts; schema-validated; advisory; never auto-dispatches. | C10: Contrast with testable classical models.
A11: What if the AI misclassifies a critical case? | B11: Confidence shown; low-confidence routed for review; CRITICAL recall prioritized; authority override logged and used for retraining. | C11: Cite CRITICAL recall result.
A12: How do you handle security? | B12: JWT with refresh, argon2/bcrypt, deny-by-default RBAC, rate limits, upload validation, audit logs, OWASP/ZAP testing. | C12: Mention remaining abuse risk of public reporting.
A13: How does it scale? | B13: Stateless API replicas, queue buffering, worker scaling, Redis cache, DB indexing; load-test numbers as evidence. | C13: Show Grafana screenshots.
A14: What is the CAP / consistency trade-off? | B14: Eventual consistency for AI-enriched fields; strong consistency for core transactions in PostgreSQL. | C14: Explain 'processing' UI state.
A15: How did you evaluate the ML models? | B15: Held-out test set, macro-F1, per-class recall, confusion matrix, calibration; real vs synthetic data caveat. | C15: Be honest about dataset limits.
... A19: What did you personally build/own? | B19: Prepare a per-member ownership list tied to Task Plan Assignee column. | C19: Keep consistent with commit history.
